<?xml version="1.0" encoding="UTF-8" standalone="yes"?>
<addon id="repository.playnowbox" name="PLAYNOW XBMC Addons" version="1.0.3" provider-name="playnowbox">
	<extension point="xbmc.addon.repository" name="PLAY-NOW XBMC Addon Repository">
		<info compressed="false">https://raw.githubusercontent.com/playnowbox/addons/master/addons.xml</info>
		<checksum>https://raw.githubusercontent.com/playnowbox/addons/master/addons.xml.md5</checksum>
		<datadir zip="true">https://raw.githubusercontent.com/playnowbox/addons/master/repo</datadir>
	</extension>
	<extension point="xbmc.addon.metadata">
		<summary lang="nl">Installeer PLAY-NOW Addons</summary>
		<summary lang="en">Install PLAY-NOW Addons</summary>
		
		<description lang="en">Download and install addons by PLAY-NOW</description>
	
		<platform>all</platform>
	</extension>
</addon>

