<?xml version="1.0" encoding="UTF-8" standalone="yes"?>
<addon id="plugin.video.filmsen3d"
       name="Films en 3D"
       version="2.0.2"
       provider-name="playnowbox">
    <requires>
        <import addon="xbmc.python" version="2.1.0"/>
		<import addon="script.module.urlresolver"  version="0.0.1"/>
		<import addon="script.module.t0mm0.common" version="1.1.0"/>
		<import addon="script.module.metahandler"  version="1.0.2"/>
		<import addon="script.module.beautifulsoup"/>
    </requires>
    <extension point="xbmc.python.pluginsource"
               library="default.py">
        <provides>video</provides>
    </extension>
    <extension point="xbmc.addon.metadata">
    <summary lang="en">Kijk nog meer films en 3D films.</summary>
    <description lang="en">Browse and play a wide selection of movies from the sites like Movie25.com, watchfreeseres, seriesgate, rlsmx, newmyvidelinks etc.
	</description>
    <platform>all</platform>
  </extension>
</addon>
