<?xml version="1.0" encoding="UTF-8" standalone="yes"?>
<addon id="plugin.video.films" name="Films" version="2.0.2" provider-name="playnowbox">
	<requires>
		<import addon="xbmc.python" version="2.1.0"/>
		<import addon="script.module.metahandler" version="1.0.0"/>
		<import addon="script.module.urlresolver" version="1.0.0"/>
		<import addon="script.module.simplejson" version="2.0.10"/>
		<import addon="script.common.plugin.cache" version="0.9.1"/>
		<import addon="script.module.parsedom" version="0.9.1"/>
		<import addon="plugin.video.youtube" version="2.9.2"/>
	</requires>
	<extension point="xbmc.python.pluginsource" library="default.py">
		<provides>video</provides>
	</extension>
	<extension point="xbmc.service" library="service.py" start="startup">
	</extension>
	<extension point="xbmc.addon.metadata">
		<summary lang="en">Watch movies from various sources</summary>
		<description lang="en">Watch movies from various sources</description>
		<summary lang="nl">Bekijk Speelfilms van verscheidene bronnen</summary>
		<description lang="nl">Bekijk Speelfilms van verscheidene bronnen</description>
		<disclaimer lang="en">De auteur en distributeur host zelf geen content, en aanvaard geen enkele aansprakelijk.</disclaimer>
		<forum>http://www.xbmchub.com/forums/lambdas-xbmc-repository/</forum>
		<source>https://github.com/playnowbox/repo</source>
		<website>http://www.xbmchub.com/</website>
		<platform>all</platform>
	</extension>
</addon>